{"cameraMode":{"drawMode":0,"name":"Shaded","section":"Shading Mode"},"sceneLighting":false,"audioPlay":false,"sceneViewState":{"showFog":true,"showMaterialUpdate":false,"showSkybox":true,"showFlares":true,"showImageEffects":true,"showParticleSystems":true},"in2DMode":false,"pivot":{"x":-0.002850055694580078,"y":0.022949934005737306,"z":-3.440499782562256},"rotation":{"x":0.4377882182598114,"y":0.3475964367389679,"z":-0.1884559988975525,"w":0.8074667453765869},"size":29.057723999023439,"orthographic":false}