{"cameraMode":{"drawMode":0,"name":"Shaded","section":"Shading Mode"},"sceneLighting":true,"audioPlay":false,"sceneViewState":{"showFog":true,"showMaterialUpdate":false,"showSkybox":true,"showFlares":true,"showImageEffects":true,"showParticleSystems":true},"in2DMode":false,"pivot":{"x":0.0,"y":-0.6299999952316284,"z":18.649999618530275},"rotation":{"x":0.5571515560150147,"y":-0.027390070259571077,"z":0.01839372143149376,"w":0.8297551870346069},"size":7.308808326721191,"orthographic":false}